{
  "schema_version": "1.0",
  "matrix_size": 5,
  "computation_type": "sampling",
  "total_matrices": 100000,
  "distribution": {
    "-36": 1,
    "-32": 3,
    "-30": 1,
    "-28": 3,
    "-26": 3,
    "-24": 18,
    "-23": 2,
    "-22": 16,
    "-21": 4,
    "-20": 42,
    "-19": 6,
    "-18": 59,
    "-17": 16,
    "-16": 141,
    "-15": 71,
    "-14": 147,
    "-13": 57,
    "-12": 551,
    "-11": 140,
    "-10": 539,
    "-9": 443,
    "-8": 1587,
    "-7": 605,
    "-6": 2732,
    "-5": 1401,
    "-4": 5748,
    "-3": 3986,
    "-2": 10046,
    "-1": 7688,
    "0": 28010,
    "1": 7609,
    "2": 9870,
    "3": 3988,
    "4": 5777,
    "5": 1381,
    "6": 2753,
    "7": 622,
    "8": 1695,
    "9": 402,
    "10": 556,
    "11": 122,
    "12": 560,
    "13": 67,
    "14": 156,
    "15": 49,
    "16": 161,
    "17": 9,
    "18": 60,
    "19": 7,
    "20": 45,
    "21": 2,
    "22": 14,
    "24": 20,
    "25": 1,
    "26": 3,
    "28": 1,
    "30": 3,
    "32": 1
  },
  "det_max": 32,
  "det_min": -36,
  "extremal_matrices": {
    "max": [
      {
        "matrix": [
          [
            1,
            1,
            -1,
            0,
            1
          ],
          [
            1,
            -1,
            0,
            1,
            1
          ],
          [
            1,
            1,
            1,
            -1,
            1
          ],
          [
            -1,
            1,
            0,
            1,
            1
          ],
          [
            1,
            1,
            1,
            1,
            -1
          ]
        ],
        "det": 32
      }
    ],
    "min": [
      {
        "matrix": [
          [
            1,
            -1,
            -1,
            1,
            1
          ],
          [
            -1,
            -1,
            1,
            1,
            0
          ],
          [
            -1,
            1,
            -1,
            1,
            1
          ],
          [
            1,
            1,
            0,
            1,
            -1
          ],
          [
            -1,
            -1,
            -1,
            1,
            -1
          ]
        ],
        "det": -36
      }
    ]
  },
  "metadata": {
    "computed_at": "2026-04-01T07:26:10.453690+00:00",
    "computation_time_sec": 0.7721183750545606,
    "random_seed": 123,
    "sample_size": 100000
  }
}