{
  "schema_version": "1.0",
  "matrix_size": 4,
  "computation_type": "sampling",
  "total_matrices": 100000,
  "distribution": {
    "-16": 1,
    "-12": 12,
    "-10": 38,
    "-9": 19,
    "-8": 385,
    "-7": 160,
    "-6": 982,
    "-5": 574,
    "-4": 3897,
    "-3": 3225,
    "-2": 11237,
    "-1": 11861,
    "0": 35325,
    "1": 12000,
    "2": 11004,
    "3": 3245,
    "4": 3826,
    "5": 555,
    "6": 1023,
    "7": 148,
    "8": 404,
    "9": 27,
    "10": 36,
    "12": 14,
    "16": 2
  },
  "det_max": 16,
  "det_min": -16,
  "extremal_matrices": {
    "max": [
      {
        "matrix": [
          [
            -1,
            -1,
            1,
            -1
          ],
          [
            -1,
            -1,
            -1,
            1
          ],
          [
            -1,
            1,
            -1,
            -1
          ],
          [
            1,
            -1,
            -1,
            -1
          ]
        ],
        "det": 16
      },
      {
        "matrix": [
          [
            1,
            1,
            1,
            -1
          ],
          [
            -1,
            1,
            1,
            1
          ],
          [
            -1,
            -1,
            1,
            -1
          ],
          [
            1,
            -1,
            1,
            1
          ]
        ],
        "det": 16
      }
    ],
    "min": [
      {
        "matrix": [
          [
            -1,
            1,
            1,
            1
          ],
          [
            1,
            1,
            -1,
            1
          ],
          [
            1,
            -1,
            1,
            1
          ],
          [
            -1,
            -1,
            -1,
            1
          ]
        ],
        "det": -16
      }
    ]
  },
  "metadata": {
    "computed_at": "2026-04-01T07:18:41.683368+00:00",
    "computation_time_sec": 0.46641558303963393,
    "random_seed": 42,
    "sample_size": 100000
  }
}